dataset\8.jpg,[[198 190 177] [201 192 182] [210 200 190] [212 203 193] [219 210 200] [234 225 215] [237 227 220] [237 228 224] [239 230 226] [239 230 226] [237 227 220] [235 226 216] [233 223 216] [231 221 214] [231 221 214] [231 222 212]],[[194 185 172] [194 186 173] [203 195 182] [208 199 186] [222 213 203] [238 229 219] [244 235 225] [242 234 227] [240 232 225] [239 231 224] [237 228 218] [232 223 213] [229 220 210] [230 221 211] [229 220 210] [228 218 208]],[[187 178 165] [194 186 173] [211 203 190] [224 215 205] [235 226 216] [240 231 221] [242 232 225] [241 231 224] [241 233 226] [239 231 224] [237 228 218] [234 224 214] [229 220 210] [225 216 206] [221 212 202] [223 213 203]],[[215 207 194] [236 227 217] [243 233 226] [243 234 224] [243 234 224] [240 231 221] [242 233 223] [241 232 222] [244 234 224] [242 232 222] [236 227 217] [237 228 218] [234 225 215] [234 225 215] [230 221 211] [226 216 206]],[[225 216 206] [231 222 212] [236 228 221] [239 231 224] [238 230 223] [235 226 216] [237 227 217] [237 228 218] [238 229 216] [239 229 219] [233 223 213] [236 227 217] [242 233 223] [239 231 224] [240 231 221] [239 230 217]],[[211 203 190] [219 211 198] [230 224 213] [232 225 218] [229 221 208] [231 222 212] [235 226 217] [229 220 207] [234 226 213] [239 231 224] [240 234 226] [233 235 229] [239 236 231] [249 240 230] [249 239 232] [246 236 226]],[[218 210 197] [219 213 200] [228 222 211] [226 220 209] [224 216 203] [238 229 219] [244 236 229] [248 239 229] [209 194 168] [157 136 105] [156 131 104] [120  88  70] [ 97  63  50] [230 222 210] [249 240 230] [247 237 227]],[[206 198 184] [215 207 194] [220 214 201] [230 224 211] [228 222 210] [234 228 217] [240 233 224] [247 248 244] [224 206 177] [155 134 102] [104  81  55] [ 14   9   9] [188 166 152] [235 213 191] [250 241 232] [250 240 230]],[[240 231 221] [241 235 224] [237 231 220] [237 231 220] [230 221 208] [227 223 212] [209 201 175] [208 191 165] [157 130 103] [235 205 178] [153 120  91] [ 44  30  22] [113  84  64] [215 179 152] [246 237 227] [246 236 226]],[[225 218 203] [216 208 195] [215 208 193] [224 216 203] [194 186 173] [150 142 135] [ 62  47  41] [ 45  34  26] [181 178 175] [ 76 111 126] [  1   3   2] [ 37  29  26] [ 25  18  15] [ 34  26  23] [189 182 173] [ 95  86  73]],[[132 127 116] [145 141 131] [109 108 100] [234 228 215] [228 222 209] [ 67  52  44] [243 241 239] [ 85  67  61] [ 20   8   6] [  4   0   0] [101  89  81] [ 21  14  14] [139 114 102] [ 13   9   4] [197 190 175] [187 180 165]],[[ 90  76  64] [ 94  84  74] [ 62  54  47] [121 112  99] [153 143 125] [ 75  71  68] [ 95  84  78] [ 13   7   0] [  0   1   0] [  0   4   3] [240 232 219] [101  82  79] [ 99  80  75] [ 70  57  51] [138 125 111] [103  88  85]],[[135 124 110] [150 139 125] [160 149 135] [165 156 142] [166 155 141] [103  94  85] [ 25  20  19] [ 41  31  31] [ 46  36  36] [ 20  14  13] [  3   0   0] [ 74  62  58] [100  83  80] [ 78  62  60] [109  97  95] [ 89  77  77]],[[144 133 119] [141 130 116] [148 137 123] [161 150 136] [162 151 137] [106  92  87] [ 78  65  63] [ 49  40  37] [ 70  57  55] [ 89  74  72] [103  86  83] [ 79  67  63] [109  96  94] [ 94  82  80] [ 86  74  74] [ 89  77  75]],[[144 133 120] [144 133 119] [150 139 125] [153 142 128] [154 142 130] [146 134 122] [136 124 114] [107  91  85] [101  84  81] [ 85  67  66] [109  97  95] [100  88  86] [ 94  82  80] [ 92  80  78] [ 89  76  74] [ 84  72  70]],[[162 157 153] [170 161 151] [188 178 169] [147 135 123] [147 135 123] [144 132 120] [134 122 112] [110  96  90] [100  88  84] [101  89  87] [ 94  82  80] [ 91  79  77] [ 98  86  84] [ 89  77  75] [ 81  69  67] [ 81  68  66]]
dataset\mbw1.jpg,[[255 255 255] [255 255 255] [255 255 255] [255 255 255] [255 255 255] [255 255 255] [255 255 255] [255 255 255] [255 255 255] [255 255 255] [255 255 255] [255 255 255] [255 255 255] [255 255 255] [255 255 255] [255 255 255]],[[255 255 255] [255 255 255] [255 255 255] [255 255 255] [255 255 255] [255 255 255] [177 171 158] [129 130 120] [134 128 121] [248 245 244] [255 255 255] [255 255 255] [255 255 255] [255 255 255] [255 255 255] [255 255 255]],[[255 255 255] [255 255 255] [255 255 255] [255 255 255] [255 255 255] [150 149 151] [108 108 114] [216 219 222] [252 252 252] [ 22  24  35] [ 72  71  70] [255 255 255] [255 255 255] [255 255 255] [255 255 255] [255 255 255]],[[255 255 255] [255 255 255] [255 255 255] [255 255 255] [162 162 162] [242 241 242] [ 83  84  94] [ 48  53  62] [ 23  23  38] [ 22  24  35] [ 32  32  45] [ 74  73  69] [255 255 255] [255 255 255] [255 255 255] [255 255 255]],[[255 255 255] [255 255 255] [255 255 255] [246 243 219] [138 137 139] [229 231 233] [204 170  96] [167 130  46] [241 241 241] [124 122 131] [ 30  32  42] [250 249 251] [253 253 253] [255 255 255] [255 255 255] [255 255 255]],[[255 255 255] [255 255 255] [255 255 255] [152 151 153] [111 112 116] [231 200 125] [186 149  69] [160 120  37] [224 224 224] [237 237 237] [ 60  63  62] [ 22  24  35] [ 78  74  72] [255 255 255] [255 255 255] [255 255 255]],[[255 255 255] [255 255 255] [255 255 255] [125 126 130] [ 90  89  97] [207 175 100] [172 135  51] [157 117  34] [211 211 211] [221 221 221] [235 235 235] [ 22  24  35] [ 22  24  35] [255 255 255] [255 255 255] [255 255 255]],[[255 255 255] [255 255 255] [255 255 255] [100 100 106] [ 84  81  76] [191 154  74] [162 122  39] [157 117  34] [202 200 200] [207 207 207] [217 217 217] [ 23  25  36] [ 22  24  35] [255 255 255] [255 255 255] [255 255 255]],[[255 255 255] [255 255 255] [255 255 255] [ 76  77  87] [ 97  94  91] [210 210 210] [202 202 202] [199 197 197] [157 117  34] [163 126  42] [195 163  86] [ 23  24  38] [ 22  24  35] [255 255 255] [255 255 255] [255 255 255]],[[255 255 255] [255 255 255] [255 255 255] [ 54  56  66] [ 20  23  27] [224 224 224] [213 213 213] [206 206 206] [157 117  34] [176 139  60] [213 182 108] [ 22  24  35] [ 22  24  35] [255 255 255] [255 255 255] [255 255 255]],[[255 255 255] [255 255 255] [255 255 255] [ 34  36  46] [ 22  24  35] [246 246 246] [228 228 228] [216 216 216] [162 125  41] [189 157  78] [ 85  90  95] [ 22  24  35] [ 30  30  39] [255 255 255] [255 255 255] [255 255 255]],[[255 255 255] [255 255 255] [255 255 255] [ 97  95  95] [ 22  24  35] [ 98  99 102] [246 246 246] [232 232 232] [171 134  52] [207 169 110] [ 22  24  35] [ 22  24  35] [250 250 250] [255 255 255] [255 255 255] [255 255 255]],[[255 255 255] [255 255 255] [255 255 255] [255 255 255] [ 22  24  35] [ 22  24  35] [ 20  24  33] [ 92  99  96] [251 253 218] [ 22  24  36] [ 22  24  35] [ 21  26  38] [255 255 255] [255 255 255] [255 255 255] [255 255 255]],[[255 255 255] [255 255 255] [255 255 255] [255 255 255] [223 220 216] [ 22  24  35] [ 22  24  35] [ 22  24  35] [ 22  24  35] [ 22  24  35] [ 21  24  35] [253 253 253] [255 255 255] [255 255 255] [255 255 255] [255 255 255]],[[255 255 255] [255 255 255] [255 255 255] [255 255 255] [255 255 255] [252 252 252] [ 25  27  38] [ 22  24  35] [ 22  24  35] [ 74  71  62] [255 255 255] [255 255 255] [255 255 255] [255 255 255] [255 255 255] [255 255 255]],[[255 255 255] [255 255 255] [255 255 255] [255 255 255] [255 255 255] [255 255 255] [255 255 255] [255 255 255] [255 255 255] [255 255 255] [255 255 255] [255 255 255] [255 255 255] [255 255 255] [255 255 255] [255 255 255]]
dataset\volvo.jpg,[[254 254 254] [254 254 254] [254 254 254] [254 254 254] [254 254 254] [254 254 254] [254 254 254] [254 254 254] [254 254 254] [254 254 254] [254 254 254] [254 254 254] [254 254 254] [254 254 254] [254 254 254] [254 254 254]],[[254 254 254] [254 254 254] [254 254 254] [254 254 254] [254 254 254] [254 254 254] [254 254 254] [254 254 254] [254 254 254] [254 254 254] [254 254 254] [254 254 254] [254 254 254] [254 254 254] [254 254 254] [254 254 254]],[[254 254 254] [254 254 254] [254 254 254] [254 254 254] [254 254 254] [254 254 254] [253 253 253] [235 235 235] [255 255 255] [254 254 254] [228 228 228] [216 216 216] [201 201 201] [254 254 254] [254 254 254] [254 254 254]],[[254 254 254] [254 254 254] [254 254 254] [254 254 254] [254 254 254] [219 219 219] [198 198 198] [179 179 179] [163 163 163] [155 155 155] [ 97  97  97] [221 221 221] [151 151 151] [254 254 254] [254 254 254] [254 254 254]],[[254 254 254] [254 254 254] [254 254 254] [254 254 254] [225 225 225] [219 219 219] [100 100 100] [130 130 130] [151 151 151] [172 172 172] [147 147 147] [151 151 151] [152 152 152] [254 254 254] [254 254 254] [254 254 254]],[[254 254 254] [254 254 254] [254 254 254] [254 254 254] [232 232 232] [ 87  87  87] [252 252 252] [254 254 254] [254 254 254] [254 254 254] [184 184 184] [ 59  59  59] [252 252 252] [254 254 254] [254 254 254] [254 254 254]],[[254 254 254] [254 254 254] [254 254 254] [216 213 213] [234 235 235] [249 249 249] [254 254 254] [254 254 254] [254 254 254] [253 254 254] [247 247 247] [153 153 153] [255 255 255] [254 254 254] [254 254 254] [254 254 254]],[[254 254 254] [254 254 254] [254 254 254] [166 106 116] [160  91 102] [151  78  90] [152  72  73] [150  71  66] [145  67  62] [140  64  59] [136  62  57] [135  58  56] [137  57  58] [254 254 254] [254 254 254] [254 254 254]],[[254 254 254] [254 254 254] [254 254 254] [164  98 107] [255 249 250] [144  77  88] [154  69  77] [131  64  71] [141  62  58] [250 249 242] [134  60  60] [130  58  59] [130  56  56] [254 254 254] [254 254 254] [254 254 254]],[[254 254 254] [254 254 254] [254 254 254] [159  90 101] [145  78  89] [149  73  77] [131  62  67] [138  65  65] [132  64  63] [132  57  64] [138  58  58] [119  61  58] [127  53  57] [254 254 254] [254 254 254] [254 254 254]],[[254 254 254] [254 254 254] [254 254 254] [209 207 207] [222 217 218] [253 253 253] [254 254 254] [253 253 253] [254 254 254] [254 254 254] [254 252 252] [120 114 116] [106 104 104] [254 254 254] [254 254 254] [254 254 254]],[[254 254 254] [254 254 254] [254 254 254] [254 254 254] [216 211 212] [136 134 134] [254 254 254] [254 254 254] [254 254 254] [254 254 254] [218 216 216] [138 133 134] [254 254 254] [254 254 254] [254 254 254] [254 254 254]],[[254 254 254] [254 254 254] [254 254 254] [254 254 254] [216 211 212] [209 204 205] [167 162 163] [255 255 255] [250 250 250] [240 235 236] [165 160 161] [148 146 146] [254 254 254] [254 254 254] [254 254 254] [254 254 254]],[[254 254 254] [254 254 254] [254 254 254] [254 254 254] [254 254 254] [203 198 199] [200 195 196] [195 190 191] [196 191 192] [182 177 178] [169 164 165] [254 254 254] [254 254 254] [254 254 254] [254 254 254] [254 254 254]],[[254 254 254] [254 254 254] [254 254 254] [254 254 254] [254 254 254] [254 254 254] [173 168 169] [198 193 194] [195 193 193] [231 226 227] [254 254 254] [254 254 254] [254 254 254] [254 254 254] [254 254 254] [254 254 254]],[[254 254 254] [254 254 254] [254 254 254] [254 254 254] [254 254 254] [254 254 254] [254 254 254] [254 254 254] [254 254 254] [254 254 254] [254 254 254] [254 254 254] [254 254 254] [254 254 254] [254 254 254] [254 254 254]]
dataset\volvo1.jpg,[[229 228 208] [227 226 206] [225 224 204] [225 221 202] [223 218 197] [218 214 190] [211 206 181] [208 201 174] [205 196 169] [203 192 164] [198 187 158] [194 185 151] [192 181 149] [188 177 145] [187 176 143] [189 177 143]],[[229 228 211] [229 227 209] [227 226 206] [222 223 203] [224 220 201] [222 216 197] [216 210 187] [212 207 182] [209 202 175] [207 201 172] [204 196 167] [203 195 165] [201 191 161] [198 189 156] [197 186 154] [196 185 153]],[[231 230 216] [231 231 215] [228 230 214] [228 225 211] [226 223 209] [222 218 205] [218 218 199] [220 216 192] [214 207 187] [213 208 183] [212 204 181] [210 203 175] [206 200 171] [206 198 169] [207 199 170] [204 197 167]],[[234 233 223] [234 233 223] [233 231 221] [230 230 216] [227 225 215] [226 224 215] [224 224 208] [222 219 205] [223 219 201] [218 217 197] [216 212 193] [214 208 189] [210 204 185] [208 204 179] [206 201 176] [204 199 174]],[[234 235 226] [235 236 227] [232 233 224] [230 233 224] [229 231 225] [230 231 222] [229 230 221] [228 227 217] [227 227 215] [225 225 213] [223 222 208] [220 217 202] [216 214 196] [211 210 190] [208 204 185] [206 202 183]],[[237 242 239] [236 241 238] [236 239 236] [236 240 233] [236 240 234] [212 192 166] [128 101  85] [ 98  74  62] [ 88  65  60] [ 29  14  14] [ 96  69  45] [209 194 150] [224 228 222] [215 219 213] [216 220 211] [213 215 206]],[[243 248 247] [248 253 252] [248 254 252] [233 229 219] [159 142 119] [ 98  82  66] [ 65  49  37] [ 90  71  64] [ 50  32  30] [127 110 102] [ 38  24  21] [ 62  51  38] [180 180 173] [228 231 229] [167 172 171] [185 187 187]],[[239 237 236] [239 240 238] [224 213 196] [158 141 122] [136 120 103] [125 103  87] [128 110  97] [ 73  59  47] [138 121 108] [101  87  73] [128 114  97] [140 134 125] [152 137 108] [193 187 176] [172 164 151] [132 119 113]],[[ 43  37  30] [198 195 188] [ 94  89  89] [ 26  24  24] [ 35  31  30] [ 43  41  36] [ 55  47  48] [ 75  69  59] [ 45  32  32] [ 86  80  75] [ 29  19  19] [ 39  29  22] [  3   7   8] [ 12   6   1] [ 96  90  82] [139 127 119]],[[187 192 191] [ 74  70  69] [ 15  14  14] [  9  12  12] [ 11   5   7] [ 21  19  22] [ 25  23  23] [ 24  19  20] [  7   6   9] [ 30  23  24] [ 10  11  12] [205 202 186] [ 68  60  55] [118 105  91] [116 103  89] [117 106  92]],[[147 149 149] [127 123 122] [224 215 211] [217 213 211] [184 181 179] [142 139 137] [ 13  15  15] [114 109 110] [ 28  29  28] [ 91  87  80] [ 81  79  69] [ 72  65  56] [134 115  98] [ 73  64  55] [ 68  59  49] [123 112 104]],[[156 160 161] [144 146 147] [  8   9   9] [ 33  29  28] [ 23  19  18] [ 12  10   9] [  6   7   5] [  5   6   4] [ 10  10  10] [  6   7   5] [  8   9   7] [ 10  11   9] [ 14  12  12] [ 18  16  16] [ 20  16  16] [ 23  18  15]],[[161 161 161] [121 118 114] [ 97  93  92] [102  97  94] [ 85  79  74] [ 69  63  58] [ 41  35  29] [ 35  28  25] [ 33  26  23] [ 33  27  22] [ 34  26  22] [ 32  27  22] [ 31  25  20] [ 29  23  18] [ 28  22  17] [ 28  22  17]],[[168 171 175] [164 163 165] [133 131 131] [102  97  98] [227 235 232] [ 90  85  82] [ 91  85  80] [ 80  74  69] [ 76  70  65] [ 77  68  64] [ 70  61  57] [ 62  53  49] [ 50  41  37] [ 39  33  28] [ 35  29  24] [ 39  33  28]],[[113 110 112] [130 128 129] [134 133 133] [139 135 136] [129 125 125] [129 125 121] [115 111 106] [105  99  94] [ 86  80  75] [ 74  66  62] [ 74  65  61] [ 69  63  58] [ 65  59  54] [ 63  54  50] [ 58  50  43] [ 58  50  43]],[[150 148 148] [144 142 142] [149 147 148] [143 140 136] [132 129 124] [116 113 108] [101  95  90] [ 88  82  77] [ 81  75  70] [ 77  68  64] [ 67  61  56] [ 66  60  55] [ 65  56  52] [ 64  56  49] [ 61  53  46] [ 61  53  46]]
dataset\volvo2jpg.jpg,[[254 254 254] [254 254 254] [254 254 254] [254 254 254] [254 254 254] [254 254 254] [254 254 254] [254 254 254] [254 254 254] [254 254 254] [254 254 254] [254 254 254] [254 254 254] [254 254 254] [254 254 254] [254 254 254]],[[254 254 254] [254 254 254] [254 254 254] [254 254 254] [254 254 254] [254 254 254] [254 254 254] [254 254 254] [254 254 254] [254 254 254] [254 254 254] [254 254 254] [254 254 254] [254 254 254] [254 254 254] [254 254 254]],[[254 254 254] [254 254 254] [254 254 254] [254 254 254] [254 254 254] [254 254 254] [253 253 253] [235 235 235] [255 255 255] [254 254 254] [228 228 228] [216 216 216] [201 201 201] [254 254 254] [254 254 254] [254 254 254]],[[254 254 254] [254 254 254] [254 254 254] [254 254 254] [254 254 254] [219 219 219] [198 198 198] [179 179 179] [163 163 163] [155 155 155] [ 97  97  97] [221 221 221] [151 151 151] [254 254 254] [254 254 254] [254 254 254]],[[254 254 254] [254 254 254] [254 254 254] [254 254 254] [225 225 225] [219 219 219] [100 100 100] [130 130 130] [151 151 151] [172 172 172] [147 147 147] [151 151 151] [152 152 152] [254 254 254] [254 254 254] [254 254 254]],[[254 254 254] [254 254 254] [254 254 254] [254 254 254] [232 232 232] [ 87  87  87] [252 252 252] [254 254 254] [254 254 254] [254 254 254] [184 184 184] [ 59  59  59] [252 252 252] [254 254 254] [254 254 254] [254 254 254]],[[254 254 254] [254 254 254] [254 254 254] [216 213 213] [234 235 235] [249 249 249] [254 254 254] [254 254 254] [254 254 254] [253 254 254] [247 247 247] [153 153 153] [255 255 255] [254 254 254] [254 254 254] [254 254 254]],[[254 254 254] [254 254 254] [254 254 254] [166 106 116] [160  91 102] [151  78  90] [152  72  73] [150  71  66] [145  67  62] [140  64  59] [136  62  57] [135  58  56] [137  57  58] [254 254 254] [254 254 254] [254 254 254]],[[254 254 254] [254 254 254] [254 254 254] [164  98 107] [255 249 250] [144  77  88] [154  69  77] [131  64  71] [141  62  58] [250 249 242] [134  60  60] [130  58  59] [130  56  56] [254 254 254] [254 254 254] [254 254 254]],[[254 254 254] [254 254 254] [254 254 254] [159  90 101] [145  78  89] [149  73  77] [131  62  67] [138  65  65] [132  64  63] [132  57  64] [138  58  58] [119  61  58] [127  53  57] [254 254 254] [254 254 254] [254 254 254]],[[254 254 254] [254 254 254] [254 254 254] [209 207 207] [222 217 218] [253 253 253] [254 254 254] [253 253 253] [254 254 254] [254 254 254] [254 252 252] [120 114 116] [106 104 104] [254 254 254] [254 254 254] [254 254 254]],[[254 254 254] [254 254 254] [254 254 254] [254 254 254] [216 211 212] [136 134 134] [254 254 254] [254 254 254] [254 254 254] [254 254 254] [218 216 216] [138 133 134] [254 254 254] [254 254 254] [254 254 254] [254 254 254]],[[254 254 254] [254 254 254] [254 254 254] [254 254 254] [216 211 212] [209 204 205] [167 162 163] [255 255 255] [250 250 250] [240 235 236] [165 160 161] [148 146 146] [254 254 254] [254 254 254] [254 254 254] [254 254 254]],[[254 254 254] [254 254 254] [254 254 254] [254 254 254] [254 254 254] [203 198 199] [200 195 196] [195 190 191] [196 191 192] [182 177 178] [169 164 165] [254 254 254] [254 254 254] [254 254 254] [254 254 254] [254 254 254]],[[254 254 254] [254 254 254] [254 254 254] [254 254 254] [254 254 254] [254 254 254] [173 168 169] [198 193 194] [195 193 193] [231 226 227] [254 254 254] [254 254 254] [254 254 254] [254 254 254] [254 254 254] [254 254 254]],[[254 254 254] [254 254 254] [254 254 254] [254 254 254] [254 254 254] [254 254 254] [254 254 254] [254 254 254] [254 254 254] [254 254 254] [254 254 254] [254 254 254] [254 254 254] [254 254 254] [254 254 254] [254 254 254]]
dataset\volvo3.jpg,[[20 10 10] [20 10 10] [20 10 10] [20 10 10] [20 10 10] [20 10 10] [20 10 10] [20 10 10] [20 10 10] [20 10 10] [20 10 10] [20 10 10] [20 10 10] [20 10 10] [20 10 10] [20 10 10]],[[20 10 10] [20 10 10] [20 10 10] [20 10 10] [20 10 10] [20 10 10] [20 10 10] [20 10 10] [20 10 10] [20 10 10] [20 10 10] [20 10 10] [20 10 10] [20 10 10] [20 10 10] [20 10 10]],[[20 10 10] [20 10 10] [20 10 10] [20 10 10] [20 10 10] [20 10 10] [20 10 10] [20 10 10] [20 10 10] [20 10 10] [20 10 10] [20 10 10] [20 10 10] [20 10 10] [20 10 10] [20 10 10]],[[20 10 10] [20 10 10] [20 10 10] [20 10 10] [20 10 10] [20 10 10] [20 10 10] [20 10 10] [22 10 10] [20 10 10] [22 10 10] [20 10 10] [20 10 10] [20 10 10] [20 10 10] [20 10 10]],[[ 20  10  10] [ 20  10  10] [ 20  10  10] [ 20  10  10] [ 20  10  10] [ 20  10  10] [ 21  11  11] [164 169 168] [123 126 130] [ 79  80  78] [ 75  81  80] [ 19   9   9] [ 20  10  10] [ 20  10  10] [ 20  10  10] [ 20  10  10]],[[ 20  10  10] [ 20  10  10] [ 20  10  10] [ 20  10  10] [ 20  10  10] [ 20  10  10] [238 240 240] [ 82  87  90] [114 119 120] [ 97 101 102] [ 76  81  84] [ 20  10  10] [ 20  10  10] [ 20  10  10] [ 20  10  10] [ 20  10  10]],[[ 20  10  10] [ 20  10  10] [ 20  10  10] [ 20  10  10] [ 20  10  10] [255 255 255] [ 91  94  99] [ 20  10  10] [ 22  10  10] [143 141 144] [ 79  84  87] [ 20  10  10] [ 20  10  10] [ 20  10  10] [ 20  10  10] [ 20  10  10]],[[ 20  10  10] [ 20  10  10] [ 20  10  10] [ 20  10  10] [ 20  10  10] [246 216 179] [185 143  98] [127  87  42] [104  61  25] [ 91  53  25] [ 88  57  28] [ 20  10  10] [ 20  10  10] [ 20  10  10] [ 20  10  10] [ 20  10  10]],[[ 20  10  10] [ 20  10  10] [ 20  10  10] [ 20  10  10] [ 20  10  10] [167  96   4] [255 255 253] [249 251 251] [114  58   0] [204 181 174] [102  75  56] [ 16   8  10] [ 20  10  10] [ 20  10  10] [ 20  10  10] [ 20  10  10]],[[ 20  10  10] [ 20  10  10] [ 20  10  10] [ 20  10  10] [ 20  10  10] [164  91   4] [153  90   0] [137  77   0] [120  70   0] [119  55   0] [117  59   0] [ 23   9  10] [ 20  10  10] [ 20  10  10] [ 20  10  10] [ 20  10  10]],[[ 20  10  10] [ 20  10  10] [ 20  10  10] [ 20  10  10] [ 20  10  10] [210 216 215] [131 136 134] [ 22  10  10] [ 20  10  10] [ 14   9  10] [ 74  79  82] [ 22  10  10] [ 20  10  10] [ 20  10  10] [ 20  10  10] [ 20  10  10]],[[ 20  10  10] [ 20  10  10] [ 20  10  10] [ 20  10  10] [ 20  10  10] [ 15   2   3] [170 172 173] [210 203 204] [  0   0   0] [246 249 249] [ 60  60  65] [ 20  10  10] [ 20  10  10] [ 20  10  10] [ 20  10  10] [ 20  10  10]],[[ 20  10  10] [ 20  10  10] [ 20  10  10] [ 20  10  10] [ 20  10  10] [ 20  10  10] [122 122 121] [114 118 119] [ 92  96  97] [ 83  85  86] [ 20  10  10] [ 20  10  10] [ 20  10  10] [ 20  10  10] [ 20  10  10] [ 20  10  10]],[[20 10 10] [20 10 10] [20 10 10] [20 10 10] [20 10 10] [20 10 10] [22 10 10] [18 10 10] [22  9 11] [22 10 10] [20 10 10] [20 10 10] [20 10 10] [20 10 10] [20 10 10] [20 10 10]],[[20 10 10] [20 10 10] [20 10 10] [20 10 10] [20 10 10] [20 10 10] [20 10 10] [20 10 10] [20 10 10] [20 10 10] [20 10 10] [20 10 10] [20 10 10] [20 10 10] [20 10 10] [20 10 10]],[[147 145 145] [229 229 229] [ 88  86  86] [ 72  70  70] [101  99  99] [ 86  81  82] [ 86  81  82] [ 86  81  82] [ 86  81  82] [ 86  81  82] [ 86  81  82] [ 86  81  82] [ 86  81  82] [216 214 214] [217 217 217] [199 194 195]]
dataset\volvo4.jpg,[[255 255 255] [255 255 255] [255 255 255] [255 255 255] [255 255 255] [255 255 255] [255 255 255] [255 255 255] [255 255 255] [255 255 255] [255 255 255] [255 255 255] [255 255 255] [255 255 255] [255 255 255] [255 255 255]],[[255 255 255] [255 255 255] [255 255 255] [255 255 255] [255 255 255] [255 255 255] [255 255 255] [255 255 255] [255 255 255] [255 255 255] [255 255 255] [255 255 255] [255 255 255] [255 255 255] [255 255 255] [255 255 255]],[[255 255 255] [255 255 255] [255 255 255] [255 255 255] [255 255 255] [255 255 255] [255 255 255] [255 255 255] [255 255 255] [255 255 255] [255 255 255] [255 255 255] [255 255 255] [255 255 255] [255 255 255] [255 255 255]],[[255 255 255] [255 255 255] [255 255 255] [255 255 255] [255 255 255] [255 255 255] [255 255 255] [255 255 255] [255 255 255] [255 255 255] [255 255 255] [255 255 255] [255 255 255] [255 255 255] [255 255 255] [255 255 255]],[[255 255 255] [255 255 255] [255 255 255] [255 255 255] [255 255 255] [255 255 255] [255 255 255] [255 255 255] [255 255 255] [255 255 255] [255 255 255] [255 255 255] [255 255 255] [255 255 255] [255 255 255] [255 255 255]],[[255 255 255] [255 255 255] [255 255 255] [255 255 255] [255 255 255] [255 255 255] [255 255 255] [255 255 255] [255 255 255] [255 255 255] [255 255 255] [255 255 255] [255 255 255] [255 255 255] [255 255 255] [255 255 255]],[[250 253 254] [254 255 255] [255 255 255] [254 255 255] [255 255 255] [211 171 148] [255 255 255] [254 255 255] [255 255 255] [254 255 255] [254 255 255] [255 255 255] [255 255 255] [255 255 255] [145  67  43] [255 255 255]],[[253 255 255] [151  51   7] [255 254 255] [252 243 227] [154  51   6] [255 255 255] [153  50   5] [149  54   5] [255 253 255] [255 255 255] [154  51   6] [253 255 253] [254 249 251] [152  49  10] [254 255 254] [151  59   3]],[[255 255 255] [151  64   6] [255 252 248] [255 254 255] [152  50   7] [255 255 255] [152  46   7] [149  54   5] [255 253 255] [147  56   3] [152  54   1] [133  55  38] [255 255 255] [145  53   5] [255 255 252] [169  60  11]],[[255 255 255] [254 255 252] [253 255 246] [255 255 255] [255 255 253] [223 186 168] [246 255 255] [253 255 245] [253 255 251] [254 255 245] [253 255 255] [255 255 241] [255 255 255] [249 251 252] [248 220 203] [251 255 254]],[[255 255 255] [255 255 255] [255 255 255] [255 255 255] [255 255 255] [255 255 255] [255 255 255] [255 255 255] [255 255 255] [255 255 255] [255 255 255] [255 255 255] [255 255 255] [255 255 255] [255 255 255] [255 255 255]],[[255 255 255] [255 255 255] [255 255 255] [255 255 255] [255 255 255] [255 255 255] [255 255 255] [255 255 255] [255 255 255] [255 255 255] [255 255 255] [255 255 255] [255 255 255] [255 255 255] [255 255 255] [255 255 255]],[[255 255 255] [255 255 255] [255 255 255] [255 255 255] [255 255 255] [255 255 255] [255 255 255] [255 255 255] [255 255 255] [255 255 255] [255 255 255] [255 255 255] [255 255 255] [255 255 255] [255 255 255] [255 255 255]],[[255 255 255] [255 255 255] [255 255 255] [255 255 255] [255 255 255] [255 255 255] [255 255 255] [255 255 255] [255 255 255] [255 255 255] [255 255 255] [255 255 255] [255 255 255] [255 255 255] [255 255 255] [255 255 255]],[[255 255 255] [255 255 255] [255 255 255] [255 255 255] [255 255 255] [255 255 255] [255 255 255] [255 255 255] [255 255 255] [255 255 255] [255 255 255] [255 255 255] [255 255 255] [255 255 255] [255 255 255] [255 255 255]],[[255 255 255] [255 255 255] [255 255 255] [255 255 255] [255 255 255] [255 255 255] [255 255 255] [255 255 255] [255 255 255] [255 255 255] [255 255 255] [255 255 255] [255 255 255] [255 255 255] [255 255 255] [255 255 255]]
dataset\volvo5.jpg,[[255 255 255] [255 255 255] [255 255 255] [255 255 255] [255 255 255] [255 255 255] [255 255 255] [255 255 255] [255 255 255] [255 255 255] [255 255 255] [255 255 255] [255 255 255] [255 255 255] [255 255 255] [255 255 255]],[[255 255 255] [255 255 255] [255 255 255] [255 255 255] [255 255 255] [255 255 255] [255 255 255] [255 255 255] [255 255 255] [255 255 255] [255 255 255] [255 255 255] [255 255 255] [255 255 255] [255 255 255] [255 255 255]],[[255 255 255] [255 255 255] [255 255 255] [255 255 255] [255 255 255] [255 255 255] [255 255 255] [255 255 255] [255 255 255] [255 255 255] [255 255 255] [255 255 255] [255 255 255] [255 255 255] [255 255 255] [255 255 255]],[[255 255 255] [255 255 255] [255 255 255] [255 255 255] [255 255 255] [255 255 255] [255 255 255] [255 255 255] [255 255 255] [255 255 255] [255 255 255] [255 255 255] [255 255 255] [255 255 255] [255 255 255] [255 255 255]],[[255 255 255] [255 255 255] [255 255 255] [255 255 255] [255 255 255] [255 255 255] [255 255 255] [255 255 255] [255 255 255] [255 255 255] [255 255 255] [255 255 255] [255 255 255] [255 255 255] [255 255 255] [255 255 255]],[[255 255 255] [255 255 255] [255 255 255] [255 255 255] [255 255 255] [255 255 255] [255 255 255] [255 255 255] [255 255 255] [255 255 255] [255 255 255] [255 255 255] [255 255 255] [255 255 255] [255 255 255] [255 255 255]],[[255 255 255] [255 255 255] [255 255 255] [255 255 255] [255 255 255] [255 255 255] [255 255 255] [255 255 255] [255 255 255] [255 255 255] [255 255 255] [255 255 255] [255 255 255] [255 255 255] [255 255 255] [255 255 255]],[[255 255 255] [255 255 255] [ 29  31  39] [251 255 255] [ 31  32  40] [ 63  66  70] [255 255 255] [ 31  32  40] [ 33  36  40] [ 29  31  39] [ 40  43  45] [ 29  31  39] [232 235 239] [236 239 243] [255 255 255] [255 255 255]],[[255 255 255] [255 255 255] [255 255 255] [ 49  48  55] [255 255 255] [ 18  20  29] [ 23  23  37] [104 107 112] [255 255 254] [255 255 254] [ 21  22  32] [255 255 255] [ 22  23  37] [ 23  25  36] [255 255 255] [255 255 255]],[[255 255 255] [255 255 255] [255 255 255] [255 255 255] [255 255 255] [255 255 255] [255 255 255] [255 255 255] [255 255 255] [255 255 255] [255 255 255] [255 255 255] [255 255 255] [255 255 255] [255 255 255] [255 255 255]],[[255 255 255] [255 255 255] [255 255 255] [255 255 255] [255 255 255] [255 255 255] [255 255 255] [255 255 255] [255 255 255] [255 255 255] [255 255 255] [255 255 255] [255 255 255] [255 255 255] [255 255 255] [255 255 255]],[[255 255 255] [255 255 255] [255 255 255] [255 255 255] [255 255 255] [255 255 255] [255 255 255] [255 255 255] [255 255 255] [255 255 255] [255 255 255] [255 255 255] [255 255 255] [255 255 255] [255 255 255] [255 255 255]],[[255 255 255] [255 255 255] [255 255 255] [255 255 255] [255 255 255] [255 255 255] [255 255 255] [255 255 255] [255 255 255] [255 255 255] [255 255 255] [255 255 255] [255 255 255] [255 255 255] [255 255 255] [255 255 255]],[[255 255 255] [255 255 255] [255 255 255] [255 255 255] [255 255 255] [255 255 255] [255 255 255] [255 255 255] [255 255 255] [255 255 255] [255 255 255] [255 255 255] [255 255 255] [255 255 255] [255 255 255] [255 255 255]],[[255 255 255] [255 255 255] [255 255 255] [255 255 255] [255 255 255] [255 255 255] [255 255 255] [255 255 255] [255 255 255] [255 255 255] [255 255 255] [255 255 255] [255 255 255] [255 255 255] [255 255 255] [255 255 255]],[[255 255 255] [255 255 255] [255 255 255] [255 255 255] [255 255 255] [255 255 255] [255 255 255] [255 255 255] [255 255 255] [255 255 255] [255 255 255] [255 255 255] [255 255 255] [255 255 255] [255 255 255] [255 255 255]]
dataset\volvo6.jpg,[[157 141 125] [159 140 125] [160 142 125] [161 142 127] [158 139 124] [245 239 234] [237 226 222] [249 243 238] [247 237 233] [217 218 219] [233 227 220] [240 235 233] [231 224 219] [235 232 227] [245 239 236] [242 236 231]],[[175 157 146] [176 158 147] [177 159 148] [177 159 148] [234 222 216] [216 215 218] [255 253 251] [245 239 233] [246 235 231] [246 240 235] [245 239 234] [249 240 231] [246 238 235] [245 239 234] [245 237 231] [238 232 227]],[[190 177 175] [186 170 168] [191 176 174] [187 176 172] [243 239 234] [226 224 219] [222 217 212] [226 222 217] [247 235 232] [242 236 236] [244 233 229] [241 235 230] [241 235 230] [237 231 224] [231 225 220] [239 233 228]],[[197 188 185] [200 194 191] [217 213 218] [245 241 236] [243 239 234] [249 240 236] [247 241 236] [243 234 230] [242 236 231] [240 233 228] [246 237 233] [243 237 232] [241 235 230] [241 235 230] [242 235 229] [230 226 223]],[[199 188 184] [200 191 189] [203 194 191] [248 243 240] [241 236 233] [243 236 234] [236 229 226] [240 234 229] [245 239 234] [243 235 228] [235 229 224] [237 231 226] [239 234 229] [241 235 230] [238 235 230] [242 236 231]],[[198 188 180] [201 191 186] [207 187 189] [224 219 216] [238 233 230] [235 229 223] [185 184 189] [166 169 177] [151 153 164] [160 161 167] [221 216 213] [245 239 235] [241 235 230] [236 230 225] [239 234 229] [234 230 225]],[[210 209 211] [222 224 231] [219 219 224] [220 223 228] [229 224 221] [235 231 226] [194 189 190] [227 224 220] [166 169 174] [219 213 208] [224 218 213] [197 197 196] [168 169 174] [168 170 175] [174 175 180] [241 235 232]],[[212 211 220] [215 214 223] [216 218 226] [219 221 229] [228 224 219] [242 236 231] [189 184 185] [231 225 218] [137 139 140] [114 114 114] [222 220 210] [226 224 214] [225 218 209] [223 217 210] [217 212 211] [205 201 200]],[[214 214 219] [214 213 223] [217 216 224] [219 218 227] [223 220 215] [234 228 223] [232 216 176] [213 206 169] [109  91  79] [ 75  66  56] [156 117  92] [224 202 168] [217 185 144] [197 169 146] [156 150 147] [221 217 212]],[[213 215 225] [215 217 227] [207 211 219] [213 208 206] [210 196 179] [198 180 159] [178 172 153] [137 114  98] [141 117 101] [ 94  81  75] [ 30  27  19] [  9   9   5] [187 173 164] [181 147 119] [161 125  99] [161 150 146]],[[154 153 159] [126 108 108] [ 65  59  55] [120 111 107] [117 110  98] [178 132 120] [193 169 150] [ 41  36  29] [ 43  43  33] [ 54  49  46] [ 56  51  50] [ 43  40  39] [ 30  29  29] [ 26  24  24] [ 35  30  29] [ 78  71  68]],[[139 132 123] [136 123 117] [ 24  18  27] [ 24  18  19] [ 39  33  34] [ 33  27  22] [ 82  75  65] [ 41  38  34] [ 27  23  21] [ 10   4   5] [ 31  26  23] [ 32  32  29] [ 38  33  30] [ 32  27  26] [ 50  42  43] [ 11   6   6]],[[185 177 164] [ 14  11  13] [ 16  10  11] [ 12   6   7] [135 122 106] [106  99  94] [109  97  85] [ 65  60  59] [  0   2   1] [ 34  28  29] [ 51  40  43] [144 136 132] [ 95  88  84] [ 16  10  11] [  3   0   0] [119 110 113]],[[152 140 134] [175 160 158] [  4   0   0] [  0   0   0] [163 144 136] [163 144 136] [ 11   9   7] [ 61  55  56] [ 65  48  46] [  4   0   0] [ 76  66  61] [ 79  68  67] [ 82  70  70] [103  92  91] [ 29  24  25] [127 115 109]],[[146 127 121] [131 117 111] [125 113 110] [121 112 112] [138 130 130] [ 77  69  71] [ 81  73  73] [ 96  88  88] [119 109 109] [123 111 108] [126 112 108] [128 117 113] [115 104 101] [206 201 192] [163 157 149] [143 132 128]],[[148 132 126] [140 124 118] [151 137 131] [150 134 128] [143 129 123] [143 129 123] [145 130 127] [146 134 130] [131 119 115] [192 182 175] [210 199 191] [207 200 191] [210 203 194] [167 149 138] [136 120 118] [100  97  89]]
dataset\volvo7.jpg,[[ 43  37  36] [143 132 127] [127 121 116] [  9  20  18] [ 38  36  35] [ 60  59  61] [ 32  32  32] [139 130 127] [ 85  81  80] [ 96 103 105] [ 81  78  82] [113 102 104] [ 82  77  79] [133 118 119] [208 188 186] [204 185 189]],[[ 45  40  39] [142 127 124] [140 125 122] [ 34  32  32] [ 48  40  40] [ 48  46  46] [ 52  50  50] [136 127 124] [103  98  99] [ 71  74  79] [ 89  83  89] [137 126 128] [101  94  99] [139 127 129] [197 180 181] [191 180 183]],[[ 50  40  38] [143 127 124] [132 117 114] [ 20  16  14] [ 44  39  38] [ 27  27  25] [ 47  43  42] [139 124 121] [111 103 104] [ 82  85  90] [ 91  89  93] [147 125 129] [ 93  83  86] [147 138 140] [183 168 165] [191 182 181]],[[ 64  52  50] [144 127 124] [182 165 162] [142 130 128] [103  91  87] [153 139 140] [106  98  99] [138 123 120] [125 117 117] [ 85  81  82] [ 73  68  69] [132 121 123] [ 74  63  66] [161 150 153] [175 162 164] [176 165 167]],[[ 55  42  40] [140 123 120] [172 155 152] [158 138 133] [ 60  49  43] [ 66  54  50] [ 64  56  53] [ 83  83  84] [ 33  35  36] [ 28  25  27] [ 27  27  27] [206 182 166] [143 131 120] [193 174 171] [182 164 162] [194 180 181]],[[ 55  43  41] [132 117 114] [164 147 144] [108  88  83] [ 96  74  68] [109  92  86] [ 36  38  42] [ 59  53  54] [ 60  58  58] [ 33  32  34] [ 91  71  56] [ 89  62  51] [ 97  85  77] [176 165 164] [205 189 190] [204 188 189]],[[ 91  70  68] [146 123 121] [169 147 146] [143 115 106] [104 110 113] [ 75  77  73] [ 80  81  88] [ 88  81  84] [ 99  98  98] [ 91  80  82] [183 162 154] [235 208 199] [254 239 233] [239 228 224] [202 185 182] [197 181 182]],[[144 114 107] [171 144 134] [173 146 134] [ 68  63  65] [ 62  57  59] [100  86  87] [ 64  58  59] [108  91  82] [ 84  74  70] [174 135 116] [245 224 210] [164 145 140] [119 102  99] [173 158 155] [197 176 174] [197 178 175]],[[110  89  81] [128 102  95] [148 135 130] [ 23  21  21] [ 94  98  98] [ 55  51  55] [120 110 109] [236 221 219] [208 180 173] [180 164 156] [124 116 113] [110  93  84] [105  87  85] [ 84  75  72] [180 161 153] [186 165 163]],[[122  98  91] [155 128 121] [ 76  71  65] [ 55  51  50] [ 67  45  43] [ 40  36  35] [ 67  64  63] [198 177 169] [219 198 183] [184 160 142] [ 93  84  80] [100  83  74] [176 163 159] [ 15  14  16] [146 124 119] [199 179 174]],[[111  92  84] [131 109 104] [ 53  46  48] [ 60  45  43] [ 52  44  44] [ 64  52  52] [ 46  37  34] [ 49  40  37] [ 53  44  41] [108  93  82] [ 51  41  38] [101  89  85] [ 12  10  10] [ 66  54  50] [182 161 153] [190 169 167]],[[107  85  83] [112  89  87] [ 98  82  79] [ 25  22  22] [  8  10   7] [  9   8   8] [255 240 241] [ 51  42  42] [ 49  39  28] [  7   3   0] [ 98  89  84] [ 32  26  23] [147 122 115] [171 151 143] [190 170 165] [189 169 164]],[[ 80  66  60] [ 73  58  55] [ 18  14  13] [  0   0   0] [  0   0   0] [  7   5   5] [ 57  49  49] [ 54  45  42] [ 62  52  45] [ 10  10  10] [193 172 157] [163 140 132] [167 146 138] [187 161 154] [178 159 151] [182 163 155]],[[ 64  49  46] [ 49  37  35] [ 30  23  22] [ 21  17  16] [ 17  12  11] [  9   7   6] [  7   5   5] [  6   4   3] [ 15  10   9] [ 65  54  50] [160 133 126] [162 141 133] [177 151 144] [179 153 146] [176 152 144] [160 140 135]],[[ 52  40  38] [ 45  36  33] [ 44  35  32] [ 43  34  31] [ 42  32  29] [ 43  33  30] [ 51  42  37] [ 92  76  70] [143 119 111] [152 128 116] [164 138 131] [171 145 135] [172 146 139] [171 145 138] [159 133 126] [153 135 124]],[[ 53  41  39] [ 56  45  41] [ 60  49  45] [ 63  52  48] [ 74  62  58] [ 89  74  71] [119 100  94] [144 118 106] [145 121 109] [156 132 120] [151 126 116] [160 135 125] [163 136 126] [159 134 124] [140 122 113] [138 120 109]]
